<?xml version="1.0" encoding="utf-8" ?>
<dwsync>
<file name="bootstrap-tabcollapse.js" server="playerfax.com//www/" local="131326803389604915" remote="131327056200000000" Dst="0" />
<file name="bootstrap-datepicker.js" server="playerfax.com//www/" local="131326803389544878" remote="131327056200000000" Dst="0" />
<file name="custom.js" server="playerfax.com//www/" local="131340575876543389" remote="131331522000000000" Dst="0" />
<file name="bootstrap.min.js" server="playerfax.com//www/" local="131326803390010754" remote="131327056200000000" Dst="0" />
<file name="jquery.flexslider-min.js" server="playerfax.com//www/" local="131326803390135842" remote="131327056200000000" Dst="0" />
<file name="SmoothScroll.js" server="playerfax.com//www/" local="131326803390270928" remote="131327056200000000" Dst="0" />
<file name="jquery.min.js" server="playerfax.com//www/" local="131326803390205883" remote="131327056200000000" Dst="0" />
<file name="datetimepicker.js" server="playerfax.com//www/" local="131340575881985757" remote="131340268800000000" Dst="0" />
<file name="select2.js" server="playerfax.com//www/" local="131340575894766352" remote="131340270000000000" Dst="0" />
</dwsync>