<?xml version="1.0" encoding="utf-8" ?>
<dwsync>
<file name="Change Log.txt" server="playerfax.com//www/" local="131340575891248279" remote="130174812000000000" Dst="0" />
<file name="check-exists.php" server="playerfax.com//www/" local="131340575893075766" remote="129862044000000000" Dst="0" />
<file name="index.php" server="playerfax.com//www/" local="131340575907405420" remote="129917340000000000" Dst="0" />
<file name="jquery.uploadify.js" server="playerfax.com//www/" local="131340575909385962" remote="130174812000000000" Dst="0" />
<file name="jquery.uploadify.min.js" server="playerfax.com//www/" local="131340575914463402" remote="130174812000000000" Dst="0" />
<file name="license.txt" server="playerfax.com//www/" local="131340575916372430" remote="129862044000000000" Dst="0" />
<file name="uploadify-cancel.png" server="playerfax.com//www/" local="131340575927318551" remote="129862044000000000" Dst="0" />
<file name="uploadify.css" server="playerfax.com//www/" local="131340575932541642" remote="131331540000000000" Dst="0" />
<file name="uploadify.php" server="playerfax.com//www/" local="131340575934452813" remote="129917340000000000" Dst="0" />
<file name="uploadify.swf" server="playerfax.com//www/" local="131340575941419824" remote="130162716000000000" Dst="0" />
</dwsync>