<?xml version="1.0" encoding="utf-8" ?>
<dwsync>
<file name="bootstrap-datepicker.css" server="playerfax.com//www/" local="131326803378980894" remote="131327055600000000" Dst="0" />
<file name="flexslider.css" server="playerfax.com//www/" local="131326803379141010" remote="131327055600000000" Dst="0" />
<file name="flexslider.min.css" server="playerfax.com//www/" local="131326803379211050" remote="131327055600000000" Dst="0" />
<file name="bootstrap.min.css" server="playerfax.com//www/" local="131326803379065958" remote="131327055600000000" Dst="0" />
<file name="responsive.css" server="playerfax.com//www/" local="131340575670976258" remote="131339331000000000" Dst="0" />
<file name="style.css" server="playerfax.com//www/" local="131340575684698286" remote="131340375600000000" Dst="0" />
<file name="datetimepicker.css" server="playerfax.com//www/" local="131340575663750852" remote="131340269400000000" Dst="0" />
<file name="font-awesome.css" server="playerfax.com//www/" local="131340575665742798" remote="131269458000000000" Dst="0" />
<file name="select2.css" server="playerfax.com//www/" local="131340575672885772" remote="131340270600000000" Dst="0" />
</dwsync>